Node,Value1,Value2,Value3,avgValue,Lambda,Time,Elapse,Partition,Option1,Option2,Option3,Option4,Option5,Option6
496,612.1400311194201,652.8634876660727,684.0142404623002,649.672586415931,25,0.18648636653015555,0.18648636653015555,0,0.33222499851662074,0.04458678667868834,0.11081790083610031,0.06614981155835396,0.2955566383370364,0.10851378316759334
623,618.7178340487492,638.9529661016849,665.0540822667033,640.9082941390457,25,0.11680837758609505,0.30329474411625057,0,0.27118044742430963,0.14240951334062477,0.2023070473462957,0.03543324964732386,0.2557818720690578,0.032015871690683276
559,467.98235048235597,630.4472578123424,696.5463495182344,598.3253192709775,25,0.0447873443416054,0.34808208845785604,0,0.25443414999152625,0.14855892566122383,0.2948473482222058,0.11471404470996656,0.21317547683262178,0.2041427594303437
669,536.4768065881601,551.9334278552425,694.5650638068121,594.3250994167382,25,0.011399211120830545,0.3594812995786865,0,0.3231181051850346,0.051702431353577646,0.44782380180226233,0.23041867687597253,0.3126120791576368,0.1444170453921491
675,521.0536263392196,622.5974756253628,623.386946127295,589.0126826972925,25,2.0376005343613297e-05,0.3595016755840301,0,0.1048179155571189,0.0200173911369312,0.3846266732346151,0.14473819242957256,0.12735024744271595,0.11257293819756008
648,425.193066347006,656.2380340632436,678.4737154437182,586.6349386179893,25,0.08784662393967048,0.4473482995237006,0,0.35789004591963564,0.149254339308931,0.37563201393680684,0.2594174799520402,0.3247079348056051,0.13595435693441
659,453.0674857496045,591.2030046912679,633.0120789461344,559.094189795669,25,0.19357161192133385,0.6409199114450344,0,0.1933036970943861,0.05388756634310066,0.15693795042485384,0.06617215766589611,0.38226348809161564,0.38036799602305943
587,357.79332043487136,626.9458351061925,684.5275295956113,556.4222283788919,25,0.0911954156316546,0.7321153270766889,0,0.44455573973941565,0.2302961111376346,0.332762888261988,0.06484987920702935,0.06155018287341079,0.020308805645549016
622,232.81801715668664,676.9392619197517,698.9138386880351,536.2237059214912,25,0.02055513163740408,0.752670458714093,0,0.5649393163566769,0.1911182766939827,0.26380640994806254,0.19377465546970096,0.3509754589382943,0.300411014082565
563,478.26141252002856,520.9813453958063,606.7919052397685,535.3448877185347,25,0.05964421502662745,0.8123146737407204,0,0.49699304376050357,0.37006070909749844,0.3931767502185282,0.23227123090645768,0.3683977560882206,0.02275104575741662
558,403.1938849961738,502.43122906009376,692.359489675058,532.6615345771086,25,0.006071727674378261,0.8183864014150987,0,0.16103565882633505,0.01679557234965449,0.487052502563753,0.48465253081054305,0.12966999364126616,0.048234530672871576
621,485.49295245528464,536.7447345020055,575.1427850095453,532.4601573222785,25,0.005380350602569596,0.8237667520176682,0,0.3907808521147847,0.3362100776734483,0.41298147996618734,0.4109253650784607,0.40884502710919923,0.3852602652899054
618,329.6182661248308,584.9339641616026,640.7079245516377,518.4200516126904,25,0.0415623066510767,0.865329058668745,0,0.5713398689939713,0.12635725786094185,0.35469942802873816,0.21116469268647983,0.27600832225724586,0.149956868595663
391,378.5585663531959,537.9553915840161,634.5110770674563,517.0083450015561,25,0.05340153968352709,0.918730598352272,0,0.39133156467237284,0.0006195156024436747,0.4297713820828495,0.33510962883028533,0.2561509855211953,0.11362901645510065
586,369.8125100074731,459.34571443789656,668.1399140941152,499.09937951316164,25,0.028087072554451028,0.9468176709067232,0,0.07262138031766703,0.02336055517775444,0.39607782584175194,0.09198170732433653,0.34429442735388477,0.31342240626137147
582,290.24515797977773,588.3480907184614,605.7409371799023,494.77806195938047,25,0.02422200180356185,0.9710396727102848,0,0.631415907120875,0.5725852277857006,0.3911763486822092,0.18627754067223404,0.19866027753848697,0.12230441979657336
465,263.71858130714395,551.2097902188794,650.024057870555,488.3174764655261,25,0.006832712663328271,0.9778723853736132,0,0.541718157089077,0.49527104765318913,0.3675148217649881,0.026483039451515276,0.17848458632325206,0.018259499571950735
617,348.1413667044328,528.2646246847423,585.4546467160677,487.2868793684143,25,0.023557060382807374,1.0014294457564206,1,0.5230360530659538,0.27909738738990364,0.424731315354216,0.18766945800191995,0.34646299522314306,0.095307480042083
633,201.23355230629298,602.9796636325999,648.8034465655901,484.33888750149436,25,0.021581633128662653,1.0230110788850832,1,0.5341784135755402,0.40677499000760625,0.30111512863331746,0.00852214141781544,0.3250038464486026,0.19543287138962345
475,300.0890163713273,482.3091814809559,669.1448206025027,483.847672818262,25,0.02454127897597317,1.0475523578610564,1,0.1418230413903647,0.007865271381377641,0.23696502489992313,0.003361745122169829,0.23436692539634335,0.048642682472832925
583,330.93266858178487,442.74379096012376,673.0445850985883,482.240348213499,25,0.18027983366287287,1.2278321915239294,1,0.3973171871594773,0.11813446881008548,0.3676773867128622,0.2570866856109753,0.32582031102674386,0.15435614279924303
515,366.8963201177757,502.2954928642495,572.2533904749152,480.4817344856468,25,0.022149052224471468,1.2499812437484008,1,0.5351793010039515,0.12319886461554667,0.24610674049073386,0.23980419542384618,0.40408893599119344,0.2818421194196046
661,258.39779783803465,502.0528453867041,665.4406577286096,475.2971003177829,25,0.2493995264260928,1.4993807701744937,1,0.5979411346732464,0.19524911312176615,0.3639107231859588,0.22446740327786605,0.1775404481799108,0.1693165813851208
589,239.28829346479577,474.97114807556846,698.504657174196,470.9213662381868,25,0.01693804853955531,1.516318818714049,1,0.407371919759527,0.3123074756461297,0.48777189427702833,0.18207885969266183,0.36095152250588736,0.26639416862935894
663,128.73766629699486,603.9755902119717,679.3059842941142,470.6730802676937,25,0.02264191895583684,1.538960737669886,1,0.693395939515102,0.3722659376865665,0.13393237459668045,0.031068722015351116,0.20638507620209715,0.1189058579469576
363,219.2849915334994,469.3341930575468,696.8821611705217,461.8337819205226,25,0.005122029657552881,1.5440827673274389,1,0.5991786292404463,0.4067143766585329,0.5111972265293457,0.34917648202290447,0.24915612039964127,0.05866351489000407
594,349.75201960348267,379.3457714157663,651.4841140800064,460.1939683664185,25,0.0075819790307389045,1.551664746358178,1,0.5898780359720592,0.5490148825465804,0.5383909245418259,0.5335854024685809,0.3561186967336105,0.14159084711904624
596,359.53475737869303,498.2490589526415,514.9729946781608,457.58560366983176,25,0.09013418132617708,1.641798927684355,1,0.5126821201782978,0.19860505454525088,0.266692894143955,0.027840429742142306,0.28305442865344355,0.15806729484116008
680,136.72358979633105,610.2655783031067,625.3128298973727,457.4339993322703,25,0.0005644288654743133,1.6423633565498292,1,0.5928788107109809,0.1804732122670967,0.11179113978032251,0.02340839517997265,0.350233078980775,0.1552704273066547
395,85.28825397828795,633.5158620220421,637.2825797744844,452.02889859160484,25,0.06317661027314002,1.7055399668229692,1,0.5940300102856227,0.22136861540402475,0.3938963670635937,0.019540186687458657,0.3923454496910776,0.21745599279898395
655,221.59151096395402,447.90229060084107,682.9833950869646,450.8257322172532,25,0.05889071606501387,1.764430682887983,1,0.40341295052079984,0.1769638460893157,0.4632978622738771,0.011828866165316962,0.3662484414107929,0.12897935687475243
422,324.37570118562337,436.6055668657495,544.0383009942581,435.0065230152103,25,0.041411940932802656,1.8058426238207856,1,0.29329510582133755,0.08233193816076649,0.3316424889152941,0.10030887676573946,0.166376365313662,0.07091469114406941
636,227.9186170986912,473.2453315356855,590.6110417435527,430.59166345930987,25,0.062149884090715035,1.8679925079115007,1,0.6025571393729093,0.49887121271362866,0.3958834869137989,0.040225674391769974,0.28508664499469866,0.15034944057137237
609,333.9263488598639,404.20867396424535,545.9824831927031,428.03916867227065,25,0.09976972400978973,1.9677622319212904,1,0.5166929426773089,0.2694716910243893,0.4845592225175122,0.22761232618572083,0.29843276668861585,0.21774642927270507
658,281.4145628143917,493.2651907869609,501.52156947514015,425.40044102549757,25,0.03953275944664682,2.007294991367937,2,0.49281339625594633,0.46930557569918757,0.16121713169584012,0.07310318478214989,0.13798894146958404,0.07656706009731803
666,56.843501085593594,582.4500662010204,624.7240720832688,421.3392131232942,25,0.02346787016517565,2.030762861533113,2,0.3085554498233528,0.29499059844690845,0.4255892119520859,0.3883239102864352,0.3268153261984782,0.21649337440540695
606,135.6276498794473,450.5350211009163,658.8295954573861,414.9974221459165,25,0.011183193207180022,2.0419460547402934,2,0.5523264867970366,0.5360860628629038,0.4976078680553538,0.4146870722767091,0.1775201960600581,0.11688565296246314
573,215.308647857892,382.25723558015017,645.0364694437982,414.2007842939468,25,0.0024458430985510003,2.0443918978388442,2,0.5392800458234289,0.2416833274195818,0.317792336783191,0.1637091811248341,0.31962306422374664,0.13842746261031205
431,62.52510074253117,539.0674029943286,630.5177211850335,410.7034083072978,25,0.004248001953592124,2.048639899792436,2,0.6491950324358863,0.05125526348355331,0.3451687242392183,0.3204859731462047,0.24559842684602134,0.20429380809196324
660,242.20214797042885,466.81361278189337,521.6372084857068,410.2176564126764,25,0.051032492625345385,2.0996723924177814,2,0.6626068401100923,0.5132461261315385,0.3887523149608443,0.21401258841362245,0.16399450041601105,0.0077246167206752
682,341.0447154230797,375.95972513930803,511.80472326352236,409.6030546086367,25,0.008133211784164264,2.1078056042019457,2,0.39505302499839057,0.2980543249390465,0.10137194241416288,0.056761343041190467,0.13125458084782443,0.03298576877644973
627,290.55596051504415,387.6852108049882,533.8778521496984,404.0396744899102,25,0.013320572470722294,2.1211261766726683,2,0.20843639184420326,0.04588452322026985,0.283520647680956,0.16497956032856195,0.404947111993494,0.07838205050082449
579,237.6952569140398,445.12660983069486,528.6648733117911,403.8289133521753,25,0.006219608995205033,2.127345785667873,2,0.5182051478524339,0.12405979936440258,0.28293083168186406,0.25084660065877656,0.40047380762870854,0.2522623913932933
566,207.1085267704843,306.6415066805513,697.6923452990222,403.8141262500194,25,0.09712129135450764,2.2244670770223807,2,0.5982294786701104,0.4833815534307554,0.2904722342344396,0.00652937661709788,0.2956818379444833,0.28039252529679
672,348.6007280800144,416.412792963004,444.7631762483953,403.2588990971379,25,0.017094744067285436,2.241561821089666,2,0.23992034326829348,0.1159276512463217,0.5507900350977133,0.20786297740565887,0.42200835525918684,0.018272143774043296
656,154.07114626056205,505.24872274499006,548.5634487921301,402.6277725992274,25,0.058615876863512176,2.3001776979531785,2,0.3856968240554908,0.06786688135108236,0.445231275323996,0.43485326539217095,0.3072988704009645,0.20837910781423058
348,254.7872773239928,372.51143790184534,572.2203435953352,399.8396862737245,25,0.03621113967718666,2.3363888376303645,2,0.5207820857541978,0.03803621312353344,0.49502841192611213,0.021083886292323963,0.25193756368153625,0.2399622119260397
595,266.84755159932524,347.1023380353714,584.8931431106629,399.61434424845316,25,0.11976447906478264,2.456153316695147,2,0.5159359481193627,0.3610920136800026,0.5523899744289146,0.05129030862508088,0.04338854858889302,0.015945591893593597
604,247.39213952722469,413.9161149733629,536.9354314946723,399.41456199842,25,0.011653103155775729,2.4678064198509233,2,0.611328855020299,0.5367344859824229,0.36228629095960374,0.36212281068637076,0.25273509603461614,0.19649403566342735
561,67.62930601804402,559.2589487608856,564.416696214805,397.1016503312449,25,0.0065725097232705205,2.4743789295741934,2,0.44973024707876247,0.1650856852718059,0.10750028448389143,0.08508954238939731,0.1953497401816458,0.016595123674023507
567,111.11511736441929,489.5482269620211,573.1702106793255,391.2778516685887,25,0.005938136150572203,2.480317065724765,2,0.7384950284877405,0.545957759713615,0.16517518588914495,0.16350179060209769,0.1481164763205981,0.11472375412602895
461,275.3928378429896,385.5363415072636,498.63041874079596,386.51986603034965,25,0.0045910574963101145,2.4849081232210755,2,0.3739430362685578,0.3312537858358887,0.3131418966220193,0.017525645412706303,0.10715164873268554,0.004113663869764635
649,120.94371761395809,455.8977334532918,580.8380611154959,385.893170727582,25,0.03165369317272007,2.5165618163937955,2,0.7410735774252403,0.47660413054600886,0.36212478944316673,0.30223802128472027,0.1836641320682829,0.1638246009736044
373,296.9820391904811,303.1715898704082,544.9461860165436,381.6999383591443,25,0.019145102741544413,2.53570691913534,2,0.34067627860193456,0.0383791558819333,0.5915060085964995,0.48415604328565,0.30459971180796275,0.3038210973478632
670,226.02103648783188,419.89322415828315,494.03226656699957,379.98217573770484,25,0.02033879719845426,2.556045716333794,2,0.2649094470184248,0.25929676899400694,0.42841049846726725,0.3459392626815604,0.4358766847643613,0.1314143444282546
428,284.6439210034477,383.7113093187146,467.0860489272351,378.48042641646566,25,0.01666029546121057,2.5727060117950047,2,0.22459369823790243,0.08792657772962578,0.5090592853111483,0.43381935561910684,0.21152609611937662,0.09814430768035702
513,16.707518667734522,544.8828860765647,557.5348130874195,373.0417392772395,25,0.015697537955010697,2.5884035497500157,2,0.9581448510038207,0.6802447871541567,0.1543200931800958,0.14980347094440574,0.14667188108841867,0.1460910657151967
574,180.7978086125103,466.17200001883606,471.57563188744103,372.84848017292916,25,0.05812337927546074,2.646526929025476,2,0.7437348240477688,0.6521735235849886,0.4337007661062476,0.11511036181093368,0.47947502974718287,0.020923259648498702
665,162.5723915250357,266.26184202815585,679.278862641777,369.3710320649895,25,0.0373304364175645,2.6838573654430404,2,0.2694552125821393,0.04580336954848993,0.6516842098717367,0.5668099770217935,0.3787206644752778,0.3669252276383144
483,265.1842425943429,294.52506789223634,542.1709189986868,367.293409828422,25,0.006602043245926647,2.6904594086889677,2,0.4469457423075244,0.2304147406265787,0.18805408688270994,0.0741510515629551,0.29642377521454916,0.291060664861365
576,202.6974116810311,222.73517704448062,675.3208482386362,366.9178123213826,25,0.0028615992915695964,2.6933210079805368,2,0.718486000311255,0.020085066939113844,0.537759520587991,0.5260096957967477,0.22763905619906238,0.20364184192380802
434,291.68604451740623,348.40065871556436,452.4779135770311,364.1882056033338,25,0.11723425230944196,2.810555260289979,2,0.528409493751537,0.5238540233519866,0.5260992198283798,0.16555285679715542,0.4569219029542478,0.06605656053448201
591,225.66884118833636,405.3148864185594,450.7553847101266,360.5797041056742,25,0.031535404569985354,2.8420906648599638,2,0.1594619422733608,0.09025910159701278,0.3241793801064448,0.04674241519241808,0.24465843298363843,0.2369744829757267
612,236.60659388773743,399.88061524204454,439.7719151857328,358.75304143850485,25,0.09247823210036936,2.9345688969603336,2,0.7056878686995566,0.18536670111490164,0.423799548924837,0.2943462221935648,0.3157983682244203,0.03526009780138477
584,14.925399567955179,380.4238608963025,677.0794130669047,357.4762245103875,25,0.003067534988832132,2.9376364319491657,2,0.8466308061828011,0.37085471169635553,0.5778469474743022,0.29601518291603307,0.11664096267964134,0.06977998936493536
603,250.42689347982468,351.22635749579285,465.4847606073102,355.7126705276426,25,0.020643360056839685,2.9582797920060053,2,0.5490614164293021,0.2619806708815566,0.5669759400089944,0.3713215540325484,0.5069330676065233,0.18649717612329872
575,166.46900773625072,382.0161633570034,514.1768370647256,354.22066938599335,25,0.09560486803485944,3.0538846600408647,3,0.7558154391895748,0.39418217061312805,0.3403453932685023,0.20924060802126632,0.35643091848673764,0.16826256382722174
625,97.61264634831474,349.05450246376677,614.2146522620462,353.62726702470934,25,0.0264361508479338,3.0803208108887983,3,0.8138675673692011,0.14858797865609444,0.5278846384618654,0.4301356331026219,0.2595958292719177,0.23560510914653682
685,251.21275915223825,378.2817917368112,419.86737106901114,349.7873073193535,25,0.08886476791135936,3.1691855788001577,3,0.4470823353487162,0.3407446150843141,0.5156672566916409,0.25963720059270057,0.3506995951594406,0.2643901162222224
597,206.42624182085376,263.975040390048,576.6219266435093,349.0077362848037,25,0.0020422065061790093,3.171227785306337,3,0.2119682301471861,0.0015174629174589103,0.46526015911734536,0.017495661749320834,0.27863268811158537,0.2711451697328497
553,233.44501018477936,383.08078470365706,427.32469214506887,347.95016234450173,25,0.042474985155910944,3.2137027704622483,3,0.36675342088699836,0.23690422572761013,0.4588251815542281,0.27707437827938425,0.22491808515967734,0.208706045072289
654,163.30772876264098,177.73836477574227,695.8895499039716,345.6452144807849,25,0.12469307100104317,3.3383958414632913,3,0.3373473642252734,0.10402290092882407,0.6585469205923971,0.12880492859530557,0.347186652975455,0.26822619692043215
412,225.5260659496061,275.484764086087,535.7793224934912,345.5967175097281,25,0.002795229163257015,3.3411910706265484,3,0.5360233470699619,0.5100250650722242,0.3339828123607397,0.17243614326587775,0.43327578333115574,0.26379763690749486
639,307.7648673194568,319.7701422585838,402.71623111697403,343.41708023167166,25,0.04197474613030343,3.3831658167568515,3,0.5889589412590074,0.4545581609685392,0.2632780929101352,0.006534396391415774,0.3386733925218629,0.1754693397181613
657,314.53586252945314,340.268751772346,375.1213815064804,343.3086652694265,25,0.057768903815959775,3.4409347205728107,3,0.5914900228043907,0.3433398689519414,0.5356003221615169,0.16611664533021012,0.5374724733799621,0.4915899216795118
588,2.7869248752907745,507.96445967413734,509.98722980442636,340.2462047846182,25,0.05434993807128784,3.4952846586440987,3,0.8841860813213962,0.014550267180088991,0.3008782812101311,0.00672784139624843,0.2547057333589598,0.10771519522791811
593,33.602024783392146,403.1941155663881,566.0349079626692,334.2770161041499,25,0.05960205963268115,3.5548867182767796,3,0.8107146078904428,0.279232386565851,0.42169649634485423,0.22775697672802414,0.32170579613705347,0.10570828985367448
637,255.29600678309222,344.95599932628204,398.5900987524403,332.9473682872716,25,0.002683527617565983,3.5575702458943463,3,0.6591086485924031,0.144856357659483,0.505507383798585,0.1344775968935168,0.5607016002384189,0.42750205375504696
632,41.567716569436456,378.1190142029844,574.3142929202921,331.3336745642377,25,0.05416185364613883,3.6117320995404847,3,0.830791144102522,0.4729252176002072,0.5595879528275786,0.07344842875640802,0.21828746948045252,0.10981234653074753
514,151.58262866217018,201.10519673201838,640.4259200730986,331.0379151557624,25,0.0657052152364229,3.677437314776908,3,0.40979256297456385,0.17796693935417335,0.47601905369907366,0.4430428264995216,0.29052320715003815,0.04780764581427807
651,15.751659086938972,281.88034434133584,687.5255983208548,328.3858672497098,25,0.031092961773054095,3.7085302765499617,3,0.881436973252009,0.39074194595262746,0.36436927082843634,0.024025337152341276,0.32031546576704284,0.03861729119804791
614,119.52058234526928,357.648361684157,507.93011082417803,328.36635161786813,25,0.02685392829931854,3.735384204849281,3,0.7008142496184004,0.10364807741167413,0.12531466918032927,0.03384021546409116,0.39514177218114177,0.0924577407347641
592,123.73840868206631,171.17045641764474,688.3332818829747,327.74738232756187,25,0.037439951948854966,3.7728241567981353,3,0.5623873516932189,0.20361910041619175,0.595654845016731,0.4916697247746525,0.3107548690998178,0.04276553210930704
634,170.82838028629885,398.08680350611917,409.05024745465516,325.98847708235775,25,0.05678467823731066,3.8296088350354465,3,0.434719982265758,0.1461078734870027,0.19372315825516648,0.0037808623862395697,0.45203314969441444,0.4206357977913363
641,89.75899047116195,200.51393223395232,673.3134592985242,321.1954606678796,25,0.0012644390980068487,3.8308732741334532,3,0.6721505038793343,0.25781045316185286,0.4319688922649184,0.144940132796812,0.1680800239593072,0.15231333647031584
664,200.82326983140862,279.628488740115,474.4638012361895,318.30518660257104,25,0.010113932081949035,3.840987206215402,3,0.7256375103378168,0.4451472536836816,0.6544250843044709,0.4983471396037541,0.1914381394679209,0.09552804534183326
542,44.34154257814654,276.31424991523306,629.9212545214723,316.8590156716172,25,3.773695080491746e-05,3.841024943166207,3,0.40873190450374686,0.32035509395974693,0.6601594936355842,0.39484522638591024,0.2613209636752148,0.15652040068928724
500,80.02304653193954,255.67328013043,613.4585365099798,316.3849543907831,25,0.01245793336164496,3.853482876527852,3,0.4299553358952957,0.37058034397119244,0.3447558977453986,0.2267757126964473,0.37741431318710605,0.06157447665533704
652,22.60910674642799,403.1229952111358,517.9776777153132,314.5699265576256,25,0.0036790933646105705,3.8571619698924624,3,0.965923895709134,0.6959747327272523,0.5283823215476076,0.09593711816171638,0.10798302524120545,0.10789711805453024
370,151.21387160520774,280.86679757250425,508.53763814478407,313.5394357741654,25,0.05042236017519218,3.9075843300676554,3,0.33758996974260685,0.1605753635229776,0.6681834576318277,0.060059930776192726,0.44632852111701316,0.07574144741447499
436,77.23342215674951,416.14964226916834,438.1958205329103,310.526294986276,25,0.005922548207639556,3.9135068782752938,3,0.2573276503796108,0.009655594668612245,0.48613158455196537,0.4237072095500171,0.5015125389510736,0.4134758091562551
598,141.3877798125933,374.61697066392713,410.24451593712166,308.7497554712141,25,0.03000786929840825,3.9435147475737033,3,0.8109894365451726,0.5736679425901332,0.5125379048670555,0.2719753099971172,0.24714439006707026,0.13384922776729768
590,157.9200268506628,158.23248944130913,609.828649257076,308.6603885163493,25,0.012460843181748423,3.9559755907554512,3,0.7929058982170182,0.08479749649011191,0.16074749483137699,0.051377064820215,0.15570014304871224,0.008203569364899025
676,96.77175077788617,274.1889312502391,543.1533287456119,304.70467025791237,25,0.005621928283825696,3.9615975190392767,3,0.696034229575686,0.4730450964434959,0.5878072177640045,0.10357800156972648,0.3321512632154151,0.09895145554506174
601,213.7478927482541,312.9878212555219,380.5571249764782,302.4309463267514,25,0.06923445080197457,4.030831969841252,4,0.4649681302598682,0.33246557863718296,0.16140855141952098,0.15038619986322152,0.40767260604948335,0.14607782508190945
599,113.25325603329686,267.49537541504526,523.4311590653417,301.39326350456133,25,0.09060674638434336,4.121438716225594,4,0.7629036886349926,0.5010211522475302,0.6734231525362177,0.34800587396023314,0.20233846569458427,0.164620416607221
524,36.4806093983926,210.42498479422574,651.2905148229638,299.39870300519414,25,0.045944327012454746,4.167383043238049,4,0.8490631913784517,0.1267937507710381,0.23932231914821342,0.17594527991623868,0.2499806692598903,0.020056126289392438
581,26.694683958911533,351.8687109798056,518.4633647611151,299.0089198999441,25,0.10388593914013383,4.2712689823781815,4,0.7934871631321944,0.3528509294385636,0.502413153164818,0.4818898990815641,0.07769611896548237,0.03433592904270248
620,176.52231660256803,256.0892428265384,463.08392380549896,298.5651610782018,25,0.10459719464682764,4.37586617702501,4,0.6539370033244482,0.3725753559884337,0.46346630253819066,0.15910490623063822,0.33846302037016474,0.13891706183128244
640,3.8927580471633463,237.87261110955072,651.7323545468506,297.83257456785486,25,0.021948828623070227,4.39781500564808,4,0.8640535137886771,0.3803720560514006,0.7097606591378793,0.08167665061659417,0.21415755045841683,0.01814767838458692
643,210.49737142470815,312.8177263663102,369.84617617558837,297.7204246555356,25,0.034930281977544865,4.432745287625624,4,0.24188326934531793,0.03315527254839882,0.527777179380956,0.5237069962863168,0.5461235576582917,0.4684715149655828
577,247.45357407248505,255.29034825885722,386.603532253211,296.44915152818453,25,0.2430954781569253,4.6758407657825485,4,0.45355198404538205,0.24563571733109854,0.6411663627942333,0.20967214650143967,0.4961656874095008,0.36517738267744126
631,13.93275142999373,217.33491835783886,655.2106655650954,295.492778450976,25,0.11903381816915165,4.794874583951701,4,0.9608520262900911,0.7649666349589692,0.446773176573847,0.2598015237697166,0.09319496623038458,0.061555583031005195
626,87.65565632800579,171.4799062657047,626.547549346495,295.2277039800685,25,0.04195133478816489,4.8368259187398674,4,0.8225280623743573,0.35819641180900214,0.7771774268530242,0.5669212307400903,0.30419420203282493,0.2548090346620312
683,216.92122480167203,238.7308378298541,415.42535206888846,290.35913823347164,25,0.012891627257285605,4.849717545997152,4,0.4789275727112151,0.10747729414587195,0.5945395197891868,0.049093149523344516,0.11177461941844011,0.017204208425844764
679,55.04013509642418,262.18766966012385,548.7107989977334,288.6462012514271,25,0.010653951475143293,4.860371497472296,4,0.8731041760070325,0.1299516802523255,0.6033643143617192,0.5355026667705672,0.34557051106174413,0.23780416953816233
635,40.78598280263789,328.5843794202524,452.9636255400754,274.1113292543219,25,7.264619058769395e-05,4.860444143662884,4,0.55753434967058,0.3005096736573839,0.3688088715564465,0.2395748646380251,0.47975292799024627,0.02524872907031081
628,53.03821801074847,241.14135959499316,522.4493016927324,272.20962643282473,25,0.053815644396032425,4.914259788058915,4,0.3056835498251939,0.1604381211394886,0.6896445349857047,0.13839376355728164,0.3042156444232131,0.09961269660787156
506,48.63406567110162,90.99837014731004,652.9582155139666,264.1968837774594,25,0.033418969528397006,4.947678757587314,4,0.7287892281921635,0.27306335951698363,0.8346884021381077,0.6992739698641827,0.37260200734781607,0.3432124957855198
619,128.91478857389072,204.5542717454709,456.2579975461181,263.24235262182657,25,0.11339263517039898,5.061071392757713,5,0.8106573669342632,0.15791251208597534,0.6272497400607775,0.617725854551336,0.307900021876732,0.08037988200718155
578,42.137311006306,99.04400529500737,638.0198997574441,259.73373868625254,25,0.018240239669060267,5.079311632426774,5,0.4599889803607481,0.33033021685082725,0.4875575633316639,0.4693819271863548,0.3480532290142742,0.02412673144927642
630,109.21350226242694,151.51092510143656,503.4371294191073,254.7205189276569,25,0.010479386107892674,5.089791018534665,5,0.5787779322885879,0.2716276973795532,0.8023630587043653,0.4281481567619535,0.3854175536779503,0.32674065639981414
642,5.801330461242737,103.64822226780352,652.2116016449128,253.8870514579863,25,0.05327575286569245,5.143066771400359,5,0.501807823681156,0.028170890336871823,0.05624569203076161,0.047651783048957265,0.3864930685294087,0.26940818945617545
423,201.8384285590882,239.69943699290488,317.9405662558152,253.15947726926942,25,0.07736998806386165,5.22043675946422,5,0.5370929198306249,0.21201977991185456,0.4036497023940735,0.2632106269420767,0.4201123539225156,0.35363214308945573
34,97.62606643674214,177.36952971250264,466.0225927314242,247.00606296022298,25,0.000994893331135716,5.221431652795356,5,0.7776124284422099,0.08120565326557423,0.6625714192534484,0.14161256415724519,0.47936576374512707,0.39858208339499923
438,203.4202863438537,262.99705132472013,274.28403861927694,246.9004587626169,25,0.00596639100303449,5.22739804379839,5,0.6794005486019468,0.6103211565519493,0.45023621356311877,0.26260269441421924,0.5418812975728962,0.03821815967428902
544,2.7144887468881547,81.40867522797448,650.1461152347648,244.7564264032092,25,0.02575589308655348,5.253153936884943,5,0.748139840592085,0.09796261439088218,0.5430281292286666,0.45193246599156045,0.38415231256924554,0.14451864402733436
580,61.798585240453825,296.7401603211556,374.2647604933911,244.26783535166683,25,0.008159272296518257,5.261313209181462,5,0.8277151670632493,0.5395474636685454,0.49819097693516146,0.3821835350315327,0.5803309625701782,0.251654917945712
616,136.68358239037852,206.6749321906493,386.94549707311455,243.4346705513808,25,0.03750932580626164,5.298822534987724,5,0.8173800575679881,0.3201007178629976,0.28789153117346544,0.023342827821780997,0.5271524556869409,0.39864487290824535
678,36.85010303818622,103.3999856318853,587.5651131276877,242.60506726591976,25,0.15676833828180162,5.455590873269526,5,0.47085513016389463,0.37811882163129373,0.6661203090677348,0.23890004602844006,0.28489077008267294,0.15756583006811903
107,98.21766181225408,307.6246969423348,314.6498079872888,240.16405558062596,25,0.04422856100495115,5.499819434274476,5,0.4459081907279762,0.4223766464227129,0.6426172628418855,0.15214345431099804,0.498230183905722,0.36793897436297757
615,83.22141142036084,193.20537235823338,443.2407951622417,239.88919298027864,25,0.05562070551879584,5.555440139793272,5,0.8214803468368571,0.374457681137772,0.22479028755320554,0.12952737752601992,0.40818259391817485,0.14220219149464744
629,150.53928809478597,208.3510526001317,359.89676436619385,239.5957016870372,25,0.011652319686646664,5.567092459479919,5,0.6866951363889742,0.45871053929834915,0.46155498098607733,0.12901401855655856,0.2614492103136994,0.07483627524230334
492,4.0193271006125135,266.34490143846483,430.8805978622137,233.74827546709702,25,0.025073177354531614,5.592165636834451,5,0.15307141564974822,0.024980913160683994,0.6681094600893944,0.2296952268490637,0.3492837772685548,0.316668524462547
378,101.69544406118095,225.35759766296133,372.5804494066168,233.211163710253,25,0.015021373579330102,5.6071870104137815,5,0.4673926429347623,0.03508725342814423,0.6282455908055805,0.078517307476738,0.35077484362197886,0.06947232549417375
556,14.40067831819386,310.57548726514136,373.110340492068,232.69550202513446,25,0.043119195511687684,5.650306205925468,5,0.5992792761900747,0.5925248726818902,0.559865439562838,0.17802483728779947,0.5063205522253581,0.2371282841423865
667,162.26522860526106,212.2683777686404,313.39977846599606,229.31112827996586,25,0.006020486362408302,5.656326692287878,5,0.766161571218626,0.5411593592697728,0.1060516739349474,0.021994490371280616,0.5805886767060712,0.4450871891713286
684,93.47421590906694,94.3347939694444,487.752168937121,225.1870596052108,25,0.009613491415084054,5.665940183702961,5,0.4282625453650366,0.03183691129830159,0.5036351627435387,0.20891247827966417,0.24816693562450493,0.19063247089202703
662,121.20432484000231,149.94236913433647,403.0116726541199,224.7194555428196,25,0.005698976525807683,5.671639160228769,5,0.7899360202545506,0.3522303202025463,0.6073917906615227,0.29723404218131655,0.5469712918128065,0.2676985726964641
673,29.778185369834485,299.72323906776336,340.17852633344137,223.226650257013,25,0.016085207932085187,5.687724368160853,5,0.6599373050277687,0.48736467148773066,0.40244741179475507,0.07957599097161976,0.41483820817148037,0.08768178097285083
376,151.0840231940044,234.80144180194682,254.20801493987918,213.36449331194345,25,0.003055503076525251,5.690779871237379,5,0.44505472671118795,0.3287908210464507,0.3799200924499895,0.22196824898987957,0.5033158460913058,0.3217786617547455
600,39.54599332782354,169.96951018649432,428.2202069120497,212.57857014212246,25,0.06806622221912235,5.7588460934565004,5,0.7098334341676268,0.5690313519872303,0.2590655927470273,0.0425662926162847,0.3002277386874178,0.00391458615144121
671,96.39108937626119,242.8228208313783,295.51412332091235,211.57601117618395,25,0.1075598051128092,5.866405898569312,5,0.5859557645031069,0.25402916659583413,0.44024752646671667,0.43582366500848035,0.3275158457924831,0.23156755249404248
650,15.955774798879574,104.49686026881815,500.3398584276854,206.93083116512767,25,0.0005068496454806227,5.866912748214793,5,0.7692203061022029,0.3436587790821356,0.3353840699987518,0.31034758447256366,0.45689772923956606,0.3658583597038918
610,38.80889470750905,67.00526161630634,494.3166148055149,200.0435903764434,25,0.01564876679394249,5.882561515008733,5,0.8338193608637181,0.6541427040606376,0.7126948919986614,0.22877076998989426,0.11717663444370394,0.0030824800864435926
645,31.78224524739881,105.45286366354489,431.4237884451082,189.5529657853506,25,0.06749883259403451,5.9500603476027685,5,0.820209109447665,0.19626289454826776,0.20042620112468593,0.024670161203289655,0.3595498205241303,0.19016132339465877
647,51.87197006309374,198.71128374305027,283.91052873750226,178.1645941812154,25,0.040081028816909316,5.990141376419678,5,0.5598678140277505,0.26007274286366594,0.3084016573274807,0.2937308332969808,0.5695170939357038,0.3180947602196265
646,9.327214693994367,101.60922752266359,417.7560082740758,176.2308168302446,25,0.01935971356519722,6.009501089984875,6,0.7084132233759551,0.187146530360331,0.7049665583886596,0.5016346154342964,0.35718236057109143,0.15347941910896007
644,1.5059033331460971,69.22564673121067,451.83521018923454,174.18892008453042,25,0.09021241468043707,6.099713504665313,6,0.2874751865350755,0.14022933372085533,0.4572556542144464,0.1978903014679482,0.38038518450068043,0.06074846263186028
400,57.984958475326,93.7033270457736,370.1409194920185,173.94306833770602,25,0.07770114612384854,6.177414650789161,6,0.8891112024673005,0.08359977549250024,0.8287411450653581,0.10139298953388977,0.5786859324341986,0.5710804654160094
427,13.427275557599694,200.0099253906836,307.12816971109436,173.52179021979256,25,0.033121354272675985,6.210536005061837,6,0.8258561918129889,0.6747369537948759,0.7225124352111524,0.06886928514442815,0.33400179153714354,0.08450873536975728
394,150.8955867015325,152.00266164208134,202.08524554215745,168.32783129525708,25,0.016448403066527884,6.226984408128363,6,0.7463030169131625,0.3245152668502718,0.41439536739201827,0.0007480003777866602,0.6857876646222448,0.16701884925171528
173,28.36901971864151,168.84288039269157,305.05385126800127,167.42191712644478,25,0.033286780398621665,6.2602711885269855,6,0.37259508375046424,0.042899155781676225,0.7237000694315706,0.3890258491743089,0.6422487215787112,0.010736382937000128
681,68.97332461150219,187.02682249401462,243.0375711687001,166.34590609140562,25,0.0045682148401766575,6.264839403367162,6,0.8756847610623857,0.3071528068092541,0.5993538509220762,0.06668647416894286,0.5754171274456272,0.3291316904128306
677,63.075032384092204,139.54345911770838,248.54324406598028,150.38724518926028,25,0.00035555773062964825,6.265194961097793,6,0.5430574162916739,0.4674441342537898,0.6915165422045723,0.11453265281608785,0.21826553882647384,0.126196441148084
611,28.381808114642137,98.76076117113958,323.71317851876086,150.28524926818088,25,0.002499162891358053,6.26769412398915,6,0.6334850601793598,0.414944688550417,0.6398905920522054,0.6273315548861911,0.36081941845181176,0.02644356737619202
480,34.42637780774248,129.3831084086419,182.0033223306717,115.27093618235205,25,0.13277842448872032,6.400472548477872,6,0.479265409249266,0.3136924581375442,0.8015746542819576,0.4052087959548244,0.3787069359519982,0.07155689379410073
605,14.475599982363065,59.869236179778206,207.85372525674998,94.06618713963042,25,0.015170361080314446,6.415642909558184,6,0.7077036523877963,0.6965471791636286,0.6816045518028987,0.3190236442623749,0.48059437256276427,0.25339345744954583
374,44.27863147124635,90.24178314376269,142.04516966151175,92.1885280921736,25,0.02046066846878901,6.436103578026974,6,0.889937995578255,0.17178305033050587,0.4567029419678168,0.3035439498170506,0.5679875560791164,0.3438678845203275
653,13.138996462125672,57.90555796251602,80.42471969055336,50.48975803839835,25,0.04965194734892233,6.485755525375898,6,0.504203920012604,0.043316110207304775,0.7731460481400597,0.6635686463510004,0.6407249991211246,0.2838872440554657
